1	Abkhaz					2014-08-01 00:00:00	2014-08-01 00:00:00
2	Achinese					2014-08-01 00:00:00	2014-08-01 00:00:00
3	Acoli					2014-08-01 00:00:00	2014-08-01 00:00:00
4	Adangme					2014-08-01 00:00:00	2014-08-01 00:00:00
5	Afar	aa	aar	aar	Afaraf	2014-08-01 00:00:00	2014-08-01 00:00:00
6	Afrihili (Artificial language)					2014-08-01 00:00:00	2014-08-01 00:00:00
7	Afrikaans	af	afr	afr	Afrikaans	2014-08-01 00:00:00	2014-08-01 00:00:00
8	Afroasiatic (Other)					2014-08-01 00:00:00	2014-08-01 00:00:00
9	Agutaynen					2014-08-01 00:00:00	2014-08-01 00:00:00
10	Ainu					2014-08-01 00:00:00	2014-08-01 00:00:00
11	Akan	ak	aka	aka	Akan	2014-08-01 00:00:00	2014-08-01 00:00:00
12	Akkadian					2014-08-01 00:00:00	2014-08-01 00:00:00
13	Aladian					2014-08-01 00:00:00	2014-08-01 00:00:00
14	Aladian, Alladyan					2014-08-01 00:00:00	2014-08-01 00:00:00
15	Albanian	sq	alb	sqi	Shqip	2014-08-01 00:00:00	2014-08-01 00:00:00
16	Aleut					2014-08-01 00:00:00	2014-08-01 00:00:00
17	Algonquian (Other)					2014-08-01 00:00:00	2014-08-01 00:00:00
18	Altaic (Other)					2014-08-01 00:00:00	2014-08-01 00:00:00
19	Alutiiq					2014-08-01 00:00:00	2014-08-01 00:00:00
20	Amharic	am	amh	amh	አማርኛ	2014-08-01 00:00:00	2014-08-01 00:00:00
21	Apache languages					2014-08-01 00:00:00	2014-08-01 00:00:00
22	Arabic	ar	ara	ara	‫العربية	2014-08-01 00:00:00	2014-08-01 00:00:00
23	Arabic, Hassaniya					2014-08-01 00:00:00	2014-08-01 00:00:00
24	Aramaic					2014-08-01 00:00:00	2014-08-01 00:00:00
25	Arapaho					2014-08-01 00:00:00	2014-08-01 00:00:00
26	Arawak					2014-08-01 00:00:00	2014-08-01 00:00:00
27	Armenian	hy	arm	hye	Հայերեն	2014-08-01 00:00:00	2014-08-01 00:00:00
28	Artificial (Other)					2014-08-01 00:00:00	2014-08-01 00:00:00
29	Assamese	as	asm	asm	অসমীয়া	2014-08-01 00:00:00	2014-08-01 00:00:00
30	Athapascan (Other)					2014-08-01 00:00:00	2014-08-01 00:00:00
31	Australian languages					2014-08-01 00:00:00	2014-08-01 00:00:00
32	Austronesian (Other)					2014-08-01 00:00:00	2014-08-01 00:00:00
33	Avaric	av	ava	ava	авар мацӀ	2014-08-01 00:00:00	2014-08-01 00:00:00
34	Avestan	ae	ave	ave	avesta	2014-08-01 00:00:00	2014-08-01 00:00:00
35	Avikam					2014-08-01 00:00:00	2014-08-01 00:00:00
36	Awadhi					2014-08-01 00:00:00	2014-08-01 00:00:00
37	Aymara	ay	aym	aym	aymar aru	2014-08-01 00:00:00	2014-08-01 00:00:00
38	Azerbaijani	az	aze	aze	azərbaycan dili	2014-08-01 00:00:00	2014-08-01 00:00:00
39	Aztec					2014-08-01 00:00:00	2014-08-01 00:00:00
40	Balinese					2014-08-01 00:00:00	2014-08-01 00:00:00
41	Baltic (Other)					2014-08-01 00:00:00	2014-08-01 00:00:00
42	Baluchi					2014-08-01 00:00:00	2014-08-01 00:00:00
43	Bambara	bm	bam	bam	bamanankan	2014-08-01 00:00:00	2014-08-01 00:00:00
44	Bamileke languages					2014-08-01 00:00:00	2014-08-01 00:00:00
45	Banda					2014-08-01 00:00:00	2014-08-01 00:00:00
46	Banton					2014-08-01 00:00:00	2014-08-01 00:00:00
47	Bantu					2014-08-01 00:00:00	2014-08-01 00:00:00
48	Bantu (Other)					2014-08-01 00:00:00	2014-08-01 00:00:00
49	Banyun					2014-08-01 00:00:00	2014-08-01 00:00:00
50	Basa					2014-08-01 00:00:00	2014-08-01 00:00:00
51	Bashkir	ba	bak	bak	башҡорт теле	2014-08-01 00:00:00	2014-08-01 00:00:00
52	Basque	eu	baq	eus	euskara	2014-08-01 00:00:00	2014-08-01 00:00:00
53	Bata					2014-08-01 00:00:00	2014-08-01 00:00:00
54	Batak					2014-08-01 00:00:00	2014-08-01 00:00:00
55	Batta					2014-08-01 00:00:00	2014-08-01 00:00:00
56	Beja					2014-08-01 00:00:00	2014-08-01 00:00:00
57	Belarusian	be	bel	bel	Беларуская	2014-08-01 00:00:00	2014-08-01 00:00:00
58	Bemba					2014-08-01 00:00:00	2014-08-01 00:00:00
59	Bengali	bn	ben	ben	বাংলা	2014-08-01 00:00:00	2014-08-01 00:00:00
60	Berber (Other)					2014-08-01 00:00:00	2014-08-01 00:00:00
61	Bhojpuri					2014-08-01 00:00:00	2014-08-01 00:00:00
62	Bihari	bh	bih		भोजपुरी	2014-08-01 00:00:00	2014-08-01 00:00:00
63	Bikol					2014-08-01 00:00:00	2014-08-01 00:00:00
64	Bini					2014-08-01 00:00:00	2014-08-01 00:00:00
65	Bislama	bi	bis	bis	Bislama	2014-08-01 00:00:00	2014-08-01 00:00:00
66	Bolinao					2014-08-01 00:00:00	2014-08-01 00:00:00
67	Bontoc					2014-08-01 00:00:00	2014-08-01 00:00:00
68	Bosnian	bs	bos	bos	bosanski jezik	2014-08-01 00:00:00	2014-08-01 00:00:00
69	Braj					2014-08-01 00:00:00	2014-08-01 00:00:00
70	Breton	br	bre	bre	brezhoneg	2014-08-01 00:00:00	2014-08-01 00:00:00
71	Bugis					2014-08-01 00:00:00	2014-08-01 00:00:00
72	Bulgarian	bg	bul	bul	български език	2014-08-01 00:00:00	2014-08-01 00:00:00
73	Buriat					2014-08-01 00:00:00	2014-08-01 00:00:00
74	Burmese	my	bur	mya	ဗမာစာ	2014-08-01 00:00:00	2014-08-01 00:00:00
75	Caddo					2014-08-01 00:00:00	2014-08-01 00:00:00
76	Cantonese					2014-08-01 00:00:00	2014-08-01 00:00:00
77	Cape Verde					2014-08-01 00:00:00	2014-08-01 00:00:00
78	Carib					2014-08-01 00:00:00	2014-08-01 00:00:00
79	Carolinian					2014-08-01 00:00:00	2014-08-01 00:00:00
80	Catalan	ca	cat	cat	Català	2014-08-01 00:00:00	2014-08-01 00:00:00
81	Caucasian (Other)					2014-08-01 00:00:00	2014-08-01 00:00:00
82	Cebuano					2014-08-01 00:00:00	2014-08-01 00:00:00
83	Celtic (Other)					2014-08-01 00:00:00	2014-08-01 00:00:00
84	Central American Indian (Other)					2014-08-01 00:00:00	2014-08-01 00:00:00
85	Chagatai					2014-08-01 00:00:00	2014-08-01 00:00:00
86	Chamic languages					2014-08-01 00:00:00	2014-08-01 00:00:00
87	Chamorro	ch	cha	cha	Chamoru	2014-08-01 00:00:00	2014-08-01 00:00:00
88	Chavacano					2014-08-01 00:00:00	2014-08-01 00:00:00
89	Chechen	ce	che	che	нохчийн мотт	2014-08-01 00:00:00	2014-08-01 00:00:00
90	Cherokee					2014-08-01 00:00:00	2014-08-01 00:00:00
91	Cheyenne					2014-08-01 00:00:00	2014-08-01 00:00:00
92	Chibcha					2014-08-01 00:00:00	2014-08-01 00:00:00
93	Chiga					2014-08-01 00:00:00	2014-08-01 00:00:00
94	Chinese	zh	chi	zho	中文	2014-08-01 00:00:00	2014-08-01 00:00:00
95	Chinese, Yue					2014-08-01 00:00:00	2014-08-01 00:00:00
96	Chinook					2014-08-01 00:00:00	2014-08-01 00:00:00
97	Chinook jargon					2014-08-01 00:00:00	2014-08-01 00:00:00
98	Chipewyan					2014-08-01 00:00:00	2014-08-01 00:00:00
99	Chitonga					2014-08-01 00:00:00	2014-08-01 00:00:00
100	Chitumbuka					2014-08-01 00:00:00	2014-08-01 00:00:00
101	Chiyao					2014-08-01 00:00:00	2014-08-01 00:00:00
102	Choctaw					2014-08-01 00:00:00	2014-08-01 00:00:00
103	Chokwe					2014-08-01 00:00:00	2014-08-01 00:00:00
104	Church Slavic	cu	chu	chu		2014-08-01 00:00:00	2014-08-01 00:00:00
105	Chuuk					2014-08-01 00:00:00	2014-08-01 00:00:00
106	Chuvash	cv	chv	chv	чӑваш чӗлхи	2014-08-01 00:00:00	2014-08-01 00:00:00
107	Coptic					2014-08-01 00:00:00	2014-08-01 00:00:00
108	Cornish	kw	cor	cor	Kernewek	2014-08-01 00:00:00	2014-08-01 00:00:00
109	Corsican	co	cos	cos	corsu	2014-08-01 00:00:00	2014-08-01 00:00:00
110	Cotabato Chavacano					2014-08-01 00:00:00	2014-08-01 00:00:00
111	Cree	cr	cre	cre	ᓀᐦᐃᔭᐍᐏᐣ	2014-08-01 00:00:00	2014-08-01 00:00:00
112	Creek					2014-08-01 00:00:00	2014-08-01 00:00:00
113	Creole, Dutch					2014-08-01 00:00:00	2014-08-01 00:00:00
114	Creole, English					2014-08-01 00:00:00	2014-08-01 00:00:00
115	Creole, French					2014-08-01 00:00:00	2014-08-01 00:00:00
116	Creole, German					2014-08-01 00:00:00	2014-08-01 00:00:00
117	Creole, Portuguese					2014-08-01 00:00:00	2014-08-01 00:00:00
118	Creoles and Pidgins (Other)					2014-08-01 00:00:00	2014-08-01 00:00:00
119	Creoles and Pidgins, English					2014-08-01 00:00:00	2014-08-01 00:00:00
120	Creoles and Pidgins, French					2014-08-01 00:00:00	2014-08-01 00:00:00
121	Creoles and Pidgins, Portuguese					2014-08-01 00:00:00	2014-08-01 00:00:00
122	Croatian	hr	scr	hrv	Hrvatski	2014-08-01 00:00:00	2014-08-01 00:00:00
123	Cushitic (Other)					2014-08-01 00:00:00	2014-08-01 00:00:00
124	Czech	cs	cze	ces	česky	2014-08-01 00:00:00	2014-08-01 00:00:00
125	Dakota					2014-08-01 00:00:00	2014-08-01 00:00:00
126	Dama					2014-08-01 00:00:00	2014-08-01 00:00:00
127	Danish	da	dan	dan	dansk	2014-08-01 00:00:00	2014-08-01 00:00:00
128	Davawenyo					2014-08-01 00:00:00	2014-08-01 00:00:00
129	Day					2014-08-01 00:00:00	2014-08-01 00:00:00
130	Dayak					2014-08-01 00:00:00	2014-08-01 00:00:00
131	Delaware					2014-08-01 00:00:00	2014-08-01 00:00:00
132	Digo					2014-08-01 00:00:00	2014-08-01 00:00:00
133	Dinka					2014-08-01 00:00:00	2014-08-01 00:00:00
134	Dinka, Northeastern					2014-08-01 00:00:00	2014-08-01 00:00:00
135	Divehi	dv	div	div	‫ދިވެހި	2014-08-01 00:00:00	2014-08-01 00:00:00
136	Djerma					2014-08-01 00:00:00	2014-08-01 00:00:00
137	Djuka					2014-08-01 00:00:00	2014-08-01 00:00:00
138	Dogri					2014-08-01 00:00:00	2014-08-01 00:00:00
139	Dogrib					2014-08-01 00:00:00	2014-08-01 00:00:00
140	Dravidian (Other)					2014-08-01 00:00:00	2014-08-01 00:00:00
141	Duala					2014-08-01 00:00:00	2014-08-01 00:00:00
142	Dutch	nl	dut	nld	Nederlands	2014-08-01 00:00:00	2014-08-01 00:00:00
143	Dutch, Middle (ca. 1050)					2014-08-01 00:00:00	2014-08-01 00:00:00
144	Dyula					2014-08-01 00:00:00	2014-08-01 00:00:00
145	Dzongkha	dz	dzo	dzo	རྫོང་ཁ	2014-08-01 00:00:00	2014-08-01 00:00:00
146	Efik					2014-08-01 00:00:00	2014-08-01 00:00:00
147	Egyptian					2014-08-01 00:00:00	2014-08-01 00:00:00
148	Ekajuk					2014-08-01 00:00:00	2014-08-01 00:00:00
149	El Molo					2014-08-01 00:00:00	2014-08-01 00:00:00
150	Elamite					2014-08-01 00:00:00	2014-08-01 00:00:00
151	ENG					2014-08-01 00:00:00	2014-08-01 00:00:00
152	English	en	eng	eng	English	2014-08-01 00:00:00	2014-08-01 00:00:00
153	English, Middle (1100)					2014-08-01 00:00:00	2014-08-01 00:00:00
154	English, Old (ca. 450)					2014-08-01 00:00:00	2014-08-01 00:00:00
155	Esperanto	eo	epo	epo	Esperanto	2014-08-01 00:00:00	2014-08-01 00:00:00
156	Estonian	et	est	est	Eesti keel	2014-08-01 00:00:00	2014-08-01 00:00:00
157	Ethiopic					2014-08-01 00:00:00	2014-08-01 00:00:00
158	Ewe	ee	ewe	ewe	Ɛʋɛgbɛ	2014-08-01 00:00:00	2014-08-01 00:00:00
159	Ewondo					2014-08-01 00:00:00	2014-08-01 00:00:00
160	Fang					2014-08-01 00:00:00	2014-08-01 00:00:00
161	Fanti					2014-08-01 00:00:00	2014-08-01 00:00:00
162	Faroese	fo	fao	fao	Føroyskt	2014-08-01 00:00:00	2014-08-01 00:00:00
163	Farsi					2014-08-01 00:00:00	2014-08-01 00:00:00
164	Fiji					2014-08-01 00:00:00	2014-08-01 00:00:00
165	Fijian	fj	fij	fij	vosa Vakaviti	2014-08-01 00:00:00	2014-08-01 00:00:00
166	Finnish	fi	fin	fin	suomen kieli	2014-08-01 00:00:00	2014-08-01 00:00:00
167	Finno					2014-08-01 00:00:00	2014-08-01 00:00:00
168	Flemish					2014-08-01 00:00:00	2014-08-01 00:00:00
169	Fon					2014-08-01 00:00:00	2014-08-01 00:00:00
170	Fon GBE					2014-08-01 00:00:00	2014-08-01 00:00:00
171	French	fr	fre	fra	français	2014-08-01 00:00:00	2014-08-01 00:00:00
172	French, Middle (ca. 1400)					2014-08-01 00:00:00	2014-08-01 00:00:00
173	French, Old (ca. 842)					2014-08-01 00:00:00	2014-08-01 00:00:00
174	Frisian					2014-08-01 00:00:00	2014-08-01 00:00:00
175	Friulian					2014-08-01 00:00:00	2014-08-01 00:00:00
176	Ful					2014-08-01 00:00:00	2014-08-01 00:00:00
177	Fula					2014-08-01 00:00:00	2014-08-01 00:00:00
178	Fulfulde, Pulaar					2014-08-01 00:00:00	2014-08-01 00:00:00
179	Futuna					2014-08-01 00:00:00	2014-08-01 00:00:00
180	Fwâi					2014-08-01 00:00:00	2014-08-01 00:00:00
181	Gã					2014-08-01 00:00:00	2014-08-01 00:00:00
182	Gaelic, Irish					2014-08-01 00:00:00	2014-08-01 00:00:00
183	Galibi					2014-08-01 00:00:00	2014-08-01 00:00:00
184	Galician	gl	glg	glg	Galego	2014-08-01 00:00:00	2014-08-01 00:00:00
185	Galoa					2014-08-01 00:00:00	2014-08-01 00:00:00
186	Gambai					2014-08-01 00:00:00	2014-08-01 00:00:00
187	Ganda	lg	lug	lug	Luganda	2014-08-01 00:00:00	2014-08-01 00:00:00
188	Gayo					2014-08-01 00:00:00	2014-08-01 00:00:00
189	Gbaya					2014-08-01 00:00:00	2014-08-01 00:00:00
190	Gela					2014-08-01 00:00:00	2014-08-01 00:00:00
191	Gen-GBE					2014-08-01 00:00:00	2014-08-01 00:00:00
192	Georgian	ka	geo	kat	ქართული	2014-08-01 00:00:00	2014-08-01 00:00:00
193	German	de	ger	deu	Deutsch	2014-08-01 00:00:00	2014-08-01 00:00:00
194	German, Middle High (ca. 1050)					2014-08-01 00:00:00	2014-08-01 00:00:00
195	German, Old High (ca. 750)					2014-08-01 00:00:00	2014-08-01 00:00:00
196	Germanic (Other)					2014-08-01 00:00:00	2014-08-01 00:00:00
197	Gikuyu					2014-08-01 00:00:00	2014-08-01 00:00:00
198	Gilbertese					2014-08-01 00:00:00	2014-08-01 00:00:00
199	Giryama					2014-08-01 00:00:00	2014-08-01 00:00:00
200	Gondi					2014-08-01 00:00:00	2014-08-01 00:00:00
201	Gorontalo					2014-08-01 00:00:00	2014-08-01 00:00:00
202	Gothic					2014-08-01 00:00:00	2014-08-01 00:00:00
203	Gourmanchéma					2014-08-01 00:00:00	2014-08-01 00:00:00
204	Grebo					2014-08-01 00:00:00	2014-08-01 00:00:00
205	Greek	el	gre	ell	Ελληνικά	2014-08-01 00:00:00	2014-08-01 00:00:00
206	Greek, Ancient (to 1453)					2014-08-01 00:00:00	2014-08-01 00:00:00
207	Greek, Modern (1453)					2014-08-01 00:00:00	2014-08-01 00:00:00
208	Greenlandic					2014-08-01 00:00:00	2014-08-01 00:00:00
209	Guarani	gn	grn	grn	Avañe'ẽ	2014-08-01 00:00:00	2014-08-01 00:00:00
210	Gujarati	gu	guj	guj	ગુજરાતી	2014-08-01 00:00:00	2014-08-01 00:00:00
211	Gujrati					2014-08-01 00:00:00	2014-08-01 00:00:00
212	Guugu Yimidhirr					2014-08-01 00:00:00	2014-08-01 00:00:00
213	Gwich'in					2014-08-01 00:00:00	2014-08-01 00:00:00
214	Haida					2014-08-01 00:00:00	2014-08-01 00:00:00
215	Haoussa					2014-08-01 00:00:00	2014-08-01 00:00:00
216	Hausa	ha	hau	hau	‫هَوُسَ	2014-08-01 00:00:00	2014-08-01 00:00:00
217	Hawaiian	hw			Hawai'i	2014-08-01 00:00:00	2014-08-01 00:00:00
218	Hebrew	he	heb	heb	‫עברית	2014-08-01 00:00:00	2014-08-01 00:00:00
219	Heiltsuk					2014-08-01 00:00:00	2014-08-01 00:00:00
220	Herero	hz	her	her	Otjiherero	2014-08-01 00:00:00	2014-08-01 00:00:00
221	Hiligaynon					2014-08-01 00:00:00	2014-08-01 00:00:00
222	Hima					2014-08-01 00:00:00	2014-08-01 00:00:00
223	Himachali					2014-08-01 00:00:00	2014-08-01 00:00:00
224	Hindi	hi	hin	hin	हिन्दी	2014-08-01 00:00:00	2014-08-01 00:00:00
225	Hiri Motu	ho	hmo	hmo	Hiri Motu	2014-08-01 00:00:00	2014-08-01 00:00:00
226	Hittite					2014-08-01 00:00:00	2014-08-01 00:00:00
227	Hmong					2014-08-01 00:00:00	2014-08-01 00:00:00
228	Ho					2014-08-01 00:00:00	2014-08-01 00:00:00
229	Hokkien					2014-08-01 00:00:00	2014-08-01 00:00:00
230	Hungarian	hu	hun	hun	Magyar	2014-08-01 00:00:00	2014-08-01 00:00:00
231	Hungarian (Magyar)					2014-08-01 00:00:00	2014-08-01 00:00:00
232	Hupa					2014-08-01 00:00:00	2014-08-01 00:00:00
233	Iban					2014-08-01 00:00:00	2014-08-01 00:00:00
234	Ibanag					2014-08-01 00:00:00	2014-08-01 00:00:00
235	Icelandic	is	ice	isl	Íslenska	2014-08-01 00:00:00	2014-08-01 00:00:00
236	Igbo	ig	ibo	ibo	Igbo	2014-08-01 00:00:00	2014-08-01 00:00:00
237	Ijo					2014-08-01 00:00:00	2014-08-01 00:00:00
238	Ilokano					2014-08-01 00:00:00	2014-08-01 00:00:00
239	Iloko					2014-08-01 00:00:00	2014-08-01 00:00:00
240	Indic (Other)					2014-08-01 00:00:00	2014-08-01 00:00:00
241	Indo Association)					2014-08-01 00:00:00	2014-08-01 00:00:00
242	Indonesian	id	ind	ind	Bahasa Indonesia	2014-08-01 00:00:00	2014-08-01 00:00:00
243	informal latinized name (vernacular concept only)					2014-08-01 00:00:00	2014-08-01 00:00:00
244	Interlingua (International Auxiliary Language Association)	ia	ina	ina	interlingua	2014-08-01 00:00:00	2014-08-01 00:00:00
245	Interlingue	ie	ile	ile	Interlingue	2014-08-01 00:00:00	2014-08-01 00:00:00
246	Intha					2014-08-01 00:00:00	2014-08-01 00:00:00
247	Inuktitut	iu	iku	iku	ᐃᓄᒃᑎᑐᑦ	2014-08-01 00:00:00	2014-08-01 00:00:00
248	Inupiaq	ik	ipk	ipk	Iñupiaq	2014-08-01 00:00:00	2014-08-01 00:00:00
249	Iranian (Other)					2014-08-01 00:00:00	2014-08-01 00:00:00
250	Irish	ga	gle	gle	Gaeilge	2014-08-01 00:00:00	2014-08-01 00:00:00
251	Irish, Middle (ca. 1100)					2014-08-01 00:00:00	2014-08-01 00:00:00
252	Irish, Old (to 1100)					2014-08-01 00:00:00	2014-08-01 00:00:00
253	Iroquoian (Other)					2014-08-01 00:00:00	2014-08-01 00:00:00
254	Italian	it	ita	ita	Italiano	2014-08-01 00:00:00	2014-08-01 00:00:00
255	Izo					2014-08-01 00:00:00	2014-08-01 00:00:00
256	Izon					2014-08-01 00:00:00	2014-08-01 00:00:00
257	Japanese	ja	jpn	jpn	日本語	2014-08-01 00:00:00	2014-08-01 00:00:00
258	Japanese transliterated Hiragana					2014-08-01 00:00:00	2014-08-01 00:00:00
259	Japanese transliterated Kanji					2014-08-01 00:00:00	2014-08-01 00:00:00
260	Japanese transliterated Katakana					2014-08-01 00:00:00	2014-08-01 00:00:00
261	Japanese transliterated Roman					2014-08-01 00:00:00	2014-08-01 00:00:00
262	Javanese	jv	jav	jav	basa Jawa	2014-08-01 00:00:00	2014-08-01 00:00:00
263	Jawe					2014-08-01 00:00:00	2014-08-01 00:00:00
264	Judeo					2014-08-01 00:00:00	2014-08-01 00:00:00
265	Jula					2014-08-01 00:00:00	2014-08-01 00:00:00
266	Kabalai					2014-08-01 00:00:00	2014-08-01 00:00:00
267	Kabyle					2014-08-01 00:00:00	2014-08-01 00:00:00
268	Kachin					2014-08-01 00:00:00	2014-08-01 00:00:00
269	Kagayanen					2014-08-01 00:00:00	2014-08-01 00:00:00
270	Kalâtdlisut					2014-08-01 00:00:00	2014-08-01 00:00:00
271	Kamba					2014-08-01 00:00:00	2014-08-01 00:00:00
272	Kanarese					2014-08-01 00:00:00	2014-08-01 00:00:00
273	Kanembu					2014-08-01 00:00:00	2014-08-01 00:00:00
274	Kannada	kn	kan	kan	ಕನ್ನಡ	2014-08-01 00:00:00	2014-08-01 00:00:00
275	Kanouri					2014-08-01 00:00:00	2014-08-01 00:00:00
276	Kanuri	kr	kau	kau	Kanuri	2014-08-01 00:00:00	2014-08-01 00:00:00
277	Kapampangan					2014-08-01 00:00:00	2014-08-01 00:00:00
278	Kara					2014-08-01 00:00:00	2014-08-01 00:00:00
279	Karen					2014-08-01 00:00:00	2014-08-01 00:00:00
280	Kashmiri	ks	kas	kas	कश्मीरी	2014-08-01 00:00:00	2014-08-01 00:00:00
281	Kawi					2014-08-01 00:00:00	2014-08-01 00:00:00
282	Kazakh	kk	kaz	kaz	Қазақ тілі	2014-08-01 00:00:00	2014-08-01 00:00:00
283	Khasi					2014-08-01 00:00:00	2014-08-01 00:00:00
284	Khmer	km	khm	khm	ភាសាខ្មែរ	2014-08-01 00:00:00	2014-08-01 00:00:00
285	Khoisan (Other)					2014-08-01 00:00:00	2014-08-01 00:00:00
286	Khotanese					2014-08-01 00:00:00	2014-08-01 00:00:00
287	Kikuyu	ki	kik	kik	Gĩkũyũ	2014-08-01 00:00:00	2014-08-01 00:00:00
288	Kim					2014-08-01 00:00:00	2014-08-01 00:00:00
289	Kimbundu					2014-08-01 00:00:00	2014-08-01 00:00:00
290	Kinguja					2014-08-01 00:00:00	2014-08-01 00:00:00
291	Kinyarwanda	rw	kin	kin	Kinyarwanda	2014-08-01 00:00:00	2014-08-01 00:00:00
292	Kiribati					2014-08-01 00:00:00	2014-08-01 00:00:00
293	Kisambaa					2014-08-01 00:00:00	2014-08-01 00:00:00
294	Kiswahili					2014-08-01 00:00:00	2014-08-01 00:00:00
295	Kofán					2014-08-01 00:00:00	2014-08-01 00:00:00
296	Komi	kv	kom	kom	коми кыв	2014-08-01 00:00:00	2014-08-01 00:00:00
297	Komoro					2014-08-01 00:00:00	2014-08-01 00:00:00
298	Kongo	kg	kon	kon	KiKongo	2014-08-01 00:00:00	2014-08-01 00:00:00
299	Konkani					2014-08-01 00:00:00	2014-08-01 00:00:00
300	Korean	ko	kor	kor	한국어	2014-08-01 00:00:00	2014-08-01 00:00:00
301	Kosraean					2014-08-01 00:00:00	2014-08-01 00:00:00
302	Kotoko					2014-08-01 00:00:00	2014-08-01 00:00:00
303	Kpelle					2014-08-01 00:00:00	2014-08-01 00:00:00
304	Krio					2014-08-01 00:00:00	2014-08-01 00:00:00
305	Kru					2014-08-01 00:00:00	2014-08-01 00:00:00
306	Kuanyama	kj	kua	kua	Kuanyama	2014-08-01 00:00:00	2014-08-01 00:00:00
307	Kumak					2014-08-01 00:00:00	2014-08-01 00:00:00
308	Kumyk					2014-08-01 00:00:00	2014-08-01 00:00:00
309	Kurdish	ku	kur	kur	Kurdî	2014-08-01 00:00:00	2014-08-01 00:00:00
310	Kurukh					2014-08-01 00:00:00	2014-08-01 00:00:00
311	Kusaie					2014-08-01 00:00:00	2014-08-01 00:00:00
312	Kutenai					2014-08-01 00:00:00	2014-08-01 00:00:00
313	Kuyunon					2014-08-01 00:00:00	2014-08-01 00:00:00
314	Kyrgyz					2014-08-01 00:00:00	2014-08-01 00:00:00
315	Ladino					2014-08-01 00:00:00	2014-08-01 00:00:00
316	Lahnda					2014-08-01 00:00:00	2014-08-01 00:00:00
317	Lamba					2014-08-01 00:00:00	2014-08-01 00:00:00
318	Lango					2014-08-01 00:00:00	2014-08-01 00:00:00
319	Lao	lo	lao	lao	ພາສາລາວ	2014-08-01 00:00:00	2014-08-01 00:00:00
320	Laotian					2014-08-01 00:00:00	2014-08-01 00:00:00
321	Latin	la	lat	lat	latine	2014-08-01 00:00:00	2014-08-01 00:00:00
322	Latvian	lv	lav	lav	latviešu valoda	2014-08-01 00:00:00	2014-08-01 00:00:00
323	Letzeburgesch					2014-08-01 00:00:00	2014-08-01 00:00:00
324	Lezgian					2014-08-01 00:00:00	2014-08-01 00:00:00
325	Lillooet					2014-08-01 00:00:00	2014-08-01 00:00:00
326	Lingala	ln	lin	lin	Lingála	2014-08-01 00:00:00	2014-08-01 00:00:00
327	Lithuanian	lt	lit	lit	lietuvių kalba	2014-08-01 00:00:00	2014-08-01 00:00:00
328	Lituanian					2014-08-01 00:00:00	2014-08-01 00:00:00
329	Lozi					2014-08-01 00:00:00	2014-08-01 00:00:00
330	Luba					2014-08-01 00:00:00	2014-08-01 00:00:00
331	Luiseño					2014-08-01 00:00:00	2014-08-01 00:00:00
332	Lunda					2014-08-01 00:00:00	2014-08-01 00:00:00
333	Luo					2014-08-01 00:00:00	2014-08-01 00:00:00
334	Luo (Kenya and Tanzania)					2014-08-01 00:00:00	2014-08-01 00:00:00
335	Lushai					2014-08-01 00:00:00	2014-08-01 00:00:00
336	Luvale					2014-08-01 00:00:00	2014-08-01 00:00:00
337	Lwena					2014-08-01 00:00:00	2014-08-01 00:00:00
338	Macedonian	mk	mac	mkd	македонски јазик	2014-08-01 00:00:00	2014-08-01 00:00:00
339	Madurese					2014-08-01 00:00:00	2014-08-01 00:00:00
340	Magahi					2014-08-01 00:00:00	2014-08-01 00:00:00
341	Magindanaon					2014-08-01 00:00:00	2014-08-01 00:00:00
342	Mahl					2014-08-01 00:00:00	2014-08-01 00:00:00
343	Maithili					2014-08-01 00:00:00	2014-08-01 00:00:00
344	Makasar					2014-08-01 00:00:00	2014-08-01 00:00:00
345	Makassarese					2014-08-01 00:00:00	2014-08-01 00:00:00
346	Malagasy	mg	mlg	mlg	Malagasy fiteny	2014-08-01 00:00:00	2014-08-01 00:00:00
347	Malay	ms	may	msa	bahasa Melayu	2014-08-01 00:00:00	2014-08-01 00:00:00
348	Malaya					2014-08-01 00:00:00	2014-08-01 00:00:00
349	Malayalam	ml	mal	mal	മലയാളം	2014-08-01 00:00:00	2014-08-01 00:00:00
350	Maldivian					2014-08-01 00:00:00	2014-08-01 00:00:00
351	Maltese	mt	mlt	mlt	Malti	2014-08-01 00:00:00	2014-08-01 00:00:00
352	Mambai					2014-08-01 00:00:00	2014-08-01 00:00:00
353	Mamuju					2014-08-01 00:00:00	2014-08-01 00:00:00
354	Manchu					2014-08-01 00:00:00	2014-08-01 00:00:00
355	Mandar					2014-08-01 00:00:00	2014-08-01 00:00:00
356	Mandarin Chinese					2014-08-01 00:00:00	2014-08-01 00:00:00
357	Mandingo					2014-08-01 00:00:00	2014-08-01 00:00:00
358	Mangaia					2014-08-01 00:00:00	2014-08-01 00:00:00
359	Manipuri					2014-08-01 00:00:00	2014-08-01 00:00:00
360	Manobo languages					2014-08-01 00:00:00	2014-08-01 00:00:00
361	Manx	gv	glv	glv	Ghaelg	2014-08-01 00:00:00	2014-08-01 00:00:00
362	Maori	mi	mao	mri	te reo Māori	2014-08-01 00:00:00	2014-08-01 00:00:00
363	Mapuche					2014-08-01 00:00:00	2014-08-01 00:00:00
364	Mapun					2014-08-01 00:00:00	2014-08-01 00:00:00
365	Maranao/Samal/Tao Sug					2014-08-01 00:00:00	2014-08-01 00:00:00
366	Marathhi					2014-08-01 00:00:00	2014-08-01 00:00:00
367	Marathi	mr	mar	mar	मराठी	2014-08-01 00:00:00	2014-08-01 00:00:00
368	Mari					2014-08-01 00:00:00	2014-08-01 00:00:00
369	Marquesan					2014-08-01 00:00:00	2014-08-01 00:00:00
370	Marshall					2014-08-01 00:00:00	2014-08-01 00:00:00
371	Marshallese	mh	mah	mah	Kajin M̧ajeļ	2014-08-01 00:00:00	2014-08-01 00:00:00
372	Marwari					2014-08-01 00:00:00	2014-08-01 00:00:00
373	Masai					2014-08-01 00:00:00	2014-08-01 00:00:00
374	Mauritian creole					2014-08-01 00:00:00	2014-08-01 00:00:00
375	Maya					2014-08-01 00:00:00	2014-08-01 00:00:00
376	Mayan languages					2014-08-01 00:00:00	2014-08-01 00:00:00
377	Mbundu					2014-08-01 00:00:00	2014-08-01 00:00:00
378	Meithei					2014-08-01 00:00:00	2014-08-01 00:00:00
379	Mende					2014-08-01 00:00:00	2014-08-01 00:00:00
380	Meru					2014-08-01 00:00:00	2014-08-01 00:00:00
381	Mexico					2014-08-01 00:00:00	2014-08-01 00:00:00
382	Micmac					2014-08-01 00:00:00	2014-08-01 00:00:00
383	Middle Atlas Berber					2014-08-01 00:00:00	2014-08-01 00:00:00
384	Miltu					2014-08-01 00:00:00	2014-08-01 00:00:00
385	Minangkabau					2014-08-01 00:00:00	2014-08-01 00:00:00
386	Miscellaneous languages					2014-08-01 00:00:00	2014-08-01 00:00:00
387	Misima-Paneati					2014-08-01 00:00:00	2014-08-01 00:00:00
388	Miskito					2014-08-01 00:00:00	2014-08-01 00:00:00
389	Mohawk					2014-08-01 00:00:00	2014-08-01 00:00:00
390	Moldavian	mo	mol	mol	лимба молдовеняскэ	2014-08-01 00:00:00	2014-08-01 00:00:00
391	Mon					2014-08-01 00:00:00	2014-08-01 00:00:00
392	mona					2014-08-01 00:00:00	2014-08-01 00:00:00
393	Mongo					2014-08-01 00:00:00	2014-08-01 00:00:00
394	Mongolian	mn	mon	mon	Монгол	2014-08-01 00:00:00	2014-08-01 00:00:00
395	Mooré					2014-08-01 00:00:00	2014-08-01 00:00:00
396	Motu					2014-08-01 00:00:00	2014-08-01 00:00:00
397	Multiple languages					2014-08-01 00:00:00	2014-08-01 00:00:00
398	Munda (Other)					2014-08-01 00:00:00	2014-08-01 00:00:00
399	Nahua					2014-08-01 00:00:00	2014-08-01 00:00:00
400	Nahuatl					2014-08-01 00:00:00	2014-08-01 00:00:00
401	Nai					2014-08-01 00:00:00	2014-08-01 00:00:00
402	Nass-Gitksan					2014-08-01 00:00:00	2014-08-01 00:00:00
403	Nauru	na	nau	nau	Ekakairũ Naoero	2014-08-01 00:00:00	2014-08-01 00:00:00
404	Navajo	nv	nav	nav	Diné bizaad	2014-08-01 00:00:00	2014-08-01 00:00:00
405	Ndebele (South Africa)					2014-08-01 00:00:00	2014-08-01 00:00:00
406	Ndebele (Zimbabwe)					2014-08-01 00:00:00	2014-08-01 00:00:00
407	Ndonga	ng	ndo	ndo	Owambo	2014-08-01 00:00:00	2014-08-01 00:00:00
408	Nemi					2014-08-01 00:00:00	2014-08-01 00:00:00
409	Nepali	ne	nep	nep	नेपाली	2014-08-01 00:00:00	2014-08-01 00:00:00
410	Newari					2014-08-01 00:00:00	2014-08-01 00:00:00
411	Nias					2014-08-01 00:00:00	2014-08-01 00:00:00
412	Niger					2014-08-01 00:00:00	2014-08-01 00:00:00
413	Nilo					2014-08-01 00:00:00	2014-08-01 00:00:00
414	Niuean					2014-08-01 00:00:00	2014-08-01 00:00:00
415	Nkomi					2014-08-01 00:00:00	2014-08-01 00:00:00
416	North American Indian (Other)					2014-08-01 00:00:00	2014-08-01 00:00:00
417	Northern Sami	se	sme	sme	Davvisámegiella	2014-08-01 00:00:00	2014-08-01 00:00:00
418	Northern Sotho					2014-08-01 00:00:00	2014-08-01 00:00:00
419	Norwegian	no	nor	nor	Norsk	2014-08-01 00:00:00	2014-08-01 00:00:00
420	Nubian languages					2014-08-01 00:00:00	2014-08-01 00:00:00
421	Nuer					2014-08-01 00:00:00	2014-08-01 00:00:00
422	Numee					2014-08-01 00:00:00	2014-08-01 00:00:00
423	Nupe					2014-08-01 00:00:00	2014-08-01 00:00:00
424	Nuuchahnulth					2014-08-01 00:00:00	2014-08-01 00:00:00
425	Nyamwezi					2014-08-01 00:00:00	2014-08-01 00:00:00
426	Nyanja					2014-08-01 00:00:00	2014-08-01 00:00:00
427	Nyankole					2014-08-01 00:00:00	2014-08-01 00:00:00
428	Nyoro					2014-08-01 00:00:00	2014-08-01 00:00:00
429	Nzema					2014-08-01 00:00:00	2014-08-01 00:00:00
430	Nzima					2014-08-01 00:00:00	2014-08-01 00:00:00
431	Occitan (post)					2014-08-01 00:00:00	2014-08-01 00:00:00
432	Ojibwa	oj	oji	oji	ᐊᓂᔑᓈᐯᒧᐎᓐ	2014-08-01 00:00:00	2014-08-01 00:00:00
433	Okanagan					2014-08-01 00:00:00	2014-08-01 00:00:00
434	Old Norse					2014-08-01 00:00:00	2014-08-01 00:00:00
435	Old Persian (ca. 600)					2014-08-01 00:00:00	2014-08-01 00:00:00
436	Ona					2014-08-01 00:00:00	2014-08-01 00:00:00
437	Operational Taxonomic Unit					2014-08-01 00:00:00	2014-08-01 00:00:00
438	Oriya	or	ori	ori	ଓଡ଼ିଆ	2014-08-01 00:00:00	2014-08-01 00:00:00
439	Oromo	om	orm	orm	Afaan Oromoo	2014-08-01 00:00:00	2014-08-01 00:00:00
440	Osage					2014-08-01 00:00:00	2014-08-01 00:00:00
441	Ossetic					2014-08-01 00:00:00	2014-08-01 00:00:00
442	Other					2014-08-01 00:00:00	2014-08-01 00:00:00
443	Otomi					2014-08-01 00:00:00	2014-08-01 00:00:00
444	Otomian languages					2014-08-01 00:00:00	2014-08-01 00:00:00
445	Oyampi					2014-08-01 00:00:00	2014-08-01 00:00:00
446	Pahlavi					2014-08-01 00:00:00	2014-08-01 00:00:00
447	Palauan					2014-08-01 00:00:00	2014-08-01 00:00:00
448	Pali	pi	pli	pli	पािऴ	2014-08-01 00:00:00	2014-08-01 00:00:00
449	Palicur					2014-08-01 00:00:00	2014-08-01 00:00:00
450	Pampanga					2014-08-01 00:00:00	2014-08-01 00:00:00
451	Pangasinan					2014-08-01 00:00:00	2014-08-01 00:00:00
452	Panjabi	pa	pan	pan	ਪੰਜਾਬੀ	2014-08-01 00:00:00	2014-08-01 00:00:00
453	Papiamento					2014-08-01 00:00:00	2014-08-01 00:00:00
454	Papuan (Other)					2014-08-01 00:00:00	2014-08-01 00:00:00
455	Pashto	ps	pus	pus	‫پښتو	2014-08-01 00:00:00	2014-08-01 00:00:00
456	Persian	fa	per	fas	‫فارسی	2014-08-01 00:00:00	2014-08-01 00:00:00
457	Philippine (Other)					2014-08-01 00:00:00	2014-08-01 00:00:00
458	Phoenician					2014-08-01 00:00:00	2014-08-01 00:00:00
459	Pije					2014-08-01 00:00:00	2014-08-01 00:00:00
460	Pila					2014-08-01 00:00:00	2014-08-01 00:00:00
461	Pitcairnese					2014-08-01 00:00:00	2014-08-01 00:00:00
462	Pokomo					2014-08-01 00:00:00	2014-08-01 00:00:00
463	Polish	pl	pol	pol	polski	2014-08-01 00:00:00	2014-08-01 00:00:00
464	Ponape					2014-08-01 00:00:00	2014-08-01 00:00:00
465	Portuguese	pt	por	por	Português	2014-08-01 00:00:00	2014-08-01 00:00:00
466	Prakrit languages					2014-08-01 00:00:00	2014-08-01 00:00:00
467	Provençal					2014-08-01 00:00:00	2014-08-01 00:00:00
468	Provençal (to 1500)					2014-08-01 00:00:00	2014-08-01 00:00:00
469	Pulaar					2014-08-01 00:00:00	2014-08-01 00:00:00
470	Puluwat					2014-08-01 00:00:00	2014-08-01 00:00:00
471	Punjabi					2014-08-01 00:00:00	2014-08-01 00:00:00
472	Pushto					2014-08-01 00:00:00	2014-08-01 00:00:00
473	Quechua	qu	que	que	Runa Simi	2014-08-01 00:00:00	2014-08-01 00:00:00
474	Raeto					2014-08-01 00:00:00	2014-08-01 00:00:00
475	Rajasthani					2014-08-01 00:00:00	2014-08-01 00:00:00
476	Rapa					2014-08-01 00:00:00	2014-08-01 00:00:00
477	Rapanui					2014-08-01 00:00:00	2014-08-01 00:00:00
478	Rarotongan					2014-08-01 00:00:00	2014-08-01 00:00:00
479	Romance (Other)					2014-08-01 00:00:00	2014-08-01 00:00:00
480	Romanian	ro	rum	ron	română	2014-08-01 00:00:00	2014-08-01 00:00:00
481	Romany					2014-08-01 00:00:00	2014-08-01 00:00:00
482	Rumanian					2014-08-01 00:00:00	2014-08-01 00:00:00
483	Rundi					2014-08-01 00:00:00	2014-08-01 00:00:00
484	RUS					2014-08-01 00:00:00	2014-08-01 00:00:00
485	Russian	ru	rus	rus	русский язык	2014-08-01 00:00:00	2014-08-01 00:00:00
486	Rwanda					2014-08-01 00:00:00	2014-08-01 00:00:00
487	Sahaptin					2014-08-01 00:00:00	2014-08-01 00:00:00
488	Salish					2014-08-01 00:00:00	2014-08-01 00:00:00
489	Salishan languages					2014-08-01 00:00:00	2014-08-01 00:00:00
490	Samaritan Aramaic					2014-08-01 00:00:00	2014-08-01 00:00:00
491	Samburu					2014-08-01 00:00:00	2014-08-01 00:00:00
492	Sami					2014-08-01 00:00:00	2014-08-01 00:00:00
493	Samoan	sm	smo	smo	gagana fa'a Samoa	2014-08-01 00:00:00	2014-08-01 00:00:00
494	Sandawe					2014-08-01 00:00:00	2014-08-01 00:00:00
495	Sango	sg	sag	sag	yângâ tî sängö	2014-08-01 00:00:00	2014-08-01 00:00:00
496	Sanskrit	sa	san	san	संस्कृतम्	2014-08-01 00:00:00	2014-08-01 00:00:00
497	Santali					2014-08-01 00:00:00	2014-08-01 00:00:00
498	Saramaccan					2014-08-01 00:00:00	2014-08-01 00:00:00
499	Sardinian	sc	srd	srd	sardu	2014-08-01 00:00:00	2014-08-01 00:00:00
500	Sasak					2014-08-01 00:00:00	2014-08-01 00:00:00
501	Scientific Name					2014-08-01 00:00:00	2014-08-01 00:00:00
502	Scots					2014-08-01 00:00:00	2014-08-01 00:00:00
503	Scottish Gaelic	gd	gla	gla	Gàidhlig	2014-08-01 00:00:00	2014-08-01 00:00:00
504	Selkup					2014-08-01 00:00:00	2014-08-01 00:00:00
505	Semitic (Other)					2014-08-01 00:00:00	2014-08-01 00:00:00
506	Sena					2014-08-01 00:00:00	2014-08-01 00:00:00
507	Serbian	sr	scc	srp	српски језик	2014-08-01 00:00:00	2014-08-01 00:00:00
508	Serer					2014-08-01 00:00:00	2014-08-01 00:00:00
509	Shan					2014-08-01 00:00:00	2014-08-01 00:00:00
510	Shawnee					2014-08-01 00:00:00	2014-08-01 00:00:00
511	Sherpa					2014-08-01 00:00:00	2014-08-01 00:00:00
512	Shilluk					2014-08-01 00:00:00	2014-08-01 00:00:00
513	Shona	sn	sna	sna	chiShona	2014-08-01 00:00:00	2014-08-01 00:00:00
514	Shuswap					2014-08-01 00:00:00	2014-08-01 00:00:00
515	Sidamo					2014-08-01 00:00:00	2014-08-01 00:00:00
516	Sign languages					2014-08-01 00:00:00	2014-08-01 00:00:00
517	Siksika					2014-08-01 00:00:00	2014-08-01 00:00:00
518	Sindhi	sd	snd	snd	सिन्धी	2014-08-01 00:00:00	2014-08-01 00:00:00
519	Sinhalese	si	sin	sin	සිංහල	2014-08-01 00:00:00	2014-08-01 00:00:00
520	Sino					2014-08-01 00:00:00	2014-08-01 00:00:00
521	Siouan (Other)					2014-08-01 00:00:00	2014-08-01 00:00:00
522	Slave					2014-08-01 00:00:00	2014-08-01 00:00:00
523	Slavic (Other)					2014-08-01 00:00:00	2014-08-01 00:00:00
524	Slovak	sk	slo	slk	slovenčina	2014-08-01 00:00:00	2014-08-01 00:00:00
525	Slovene					2014-08-01 00:00:00	2014-08-01 00:00:00
526	Slovenian	sl	slv	slv	slovenščina	2014-08-01 00:00:00	2014-08-01 00:00:00
527	Sogdian					2014-08-01 00:00:00	2014-08-01 00:00:00
528	Somali	so	som	som	Soomaaliga	2014-08-01 00:00:00	2014-08-01 00:00:00
529	Songhai					2014-08-01 00:00:00	2014-08-01 00:00:00
530	Soninke					2014-08-01 00:00:00	2014-08-01 00:00:00
531	Sorbian languages					2014-08-01 00:00:00	2014-08-01 00:00:00
532	Sotho	st	sot	sot	seSotho	2014-08-01 00:00:00	2014-08-01 00:00:00
533	South American Indian (Other)					2014-08-01 00:00:00	2014-08-01 00:00:00
534	SPA					2014-08-01 00:00:00	2014-08-01 00:00:00
535	Spanish	es	spa	spa	español	2014-08-01 00:00:00	2014-08-01 00:00:00
536	Sranan					2014-08-01 00:00:00	2014-08-01 00:00:00
537	Sukuma					2014-08-01 00:00:00	2014-08-01 00:00:00
538	Sumerian					2014-08-01 00:00:00	2014-08-01 00:00:00
539	Sundanese	su	sun	sun	Basa Sunda	2014-08-01 00:00:00	2014-08-01 00:00:00
540	Surigaonon					2014-08-01 00:00:00	2014-08-01 00:00:00
541	Susu					2014-08-01 00:00:00	2014-08-01 00:00:00
542	Swahili	sw	swa	swa	Kiswahili	2014-08-01 00:00:00	2014-08-01 00:00:00
543	Swazi					2014-08-01 00:00:00	2014-08-01 00:00:00
544	Swedish	sv	swe	swe	Svenska	2014-08-01 00:00:00	2014-08-01 00:00:00
545	Syriac					2014-08-01 00:00:00	2014-08-01 00:00:00
546	Tagalog	tl	tgl	tgl	Tagalog	2014-08-01 00:00:00	2014-08-01 00:00:00
547	Tagbanwa Calamian					2014-08-01 00:00:00	2014-08-01 00:00:00
548	Tahitian	ty	tah	tah	Reo Mā`ohi	2014-08-01 00:00:00	2014-08-01 00:00:00
549	Tai (Other)					2014-08-01 00:00:00	2014-08-01 00:00:00
550	Tajik	tg	tgk	tgk	тоҷикӣ	2014-08-01 00:00:00	2014-08-01 00:00:00
551	Tamachek					2014-08-01 00:00:00	2014-08-01 00:00:00
552	Tamashek					2014-08-01 00:00:00	2014-08-01 00:00:00
553	Tamil	ta	tam	tam	தமிழ்	2014-08-01 00:00:00	2014-08-01 00:00:00
554	Tarasco					2014-08-01 00:00:00	2014-08-01 00:00:00
555	Tatar	tt	tat	tat	татарча	2014-08-01 00:00:00	2014-08-01 00:00:00
556	Telugu	te	tel	tel	తెలుగు	2014-08-01 00:00:00	2014-08-01 00:00:00
557	Temne					2014-08-01 00:00:00	2014-08-01 00:00:00
558	Teochew					2014-08-01 00:00:00	2014-08-01 00:00:00
559	Terena					2014-08-01 00:00:00	2014-08-01 00:00:00
560	Tetum					2014-08-01 00:00:00	2014-08-01 00:00:00
561	Thai	th	tha	tha	ไทย	2014-08-01 00:00:00	2014-08-01 00:00:00
562	Tibetan	bo	tib	bod	བོད་ཡིག	2014-08-01 00:00:00	2014-08-01 00:00:00
563	Tigré					2014-08-01 00:00:00	2014-08-01 00:00:00
564	Tigrinya	ti	tir	tir	ትግርኛ	2014-08-01 00:00:00	2014-08-01 00:00:00
565	Tiv					2014-08-01 00:00:00	2014-08-01 00:00:00
566	Tlingit					2014-08-01 00:00:00	2014-08-01 00:00:00
567	Tobian					2014-08-01 00:00:00	2014-08-01 00:00:00
568	Tok Pisin					2014-08-01 00:00:00	2014-08-01 00:00:00
569	Tokelauan					2014-08-01 00:00:00	2014-08-01 00:00:00
570	Tonga	to	ton	ton	faka Tonga	2014-08-01 00:00:00	2014-08-01 00:00:00
571	Tonga (Nyasa)					2014-08-01 00:00:00	2014-08-01 00:00:00
572	Tongan					2014-08-01 00:00:00	2014-08-01 00:00:00
573	Toro					2014-08-01 00:00:00	2014-08-01 00:00:00
574	Totonac					2014-08-01 00:00:00	2014-08-01 00:00:00
575	Totonaco					2014-08-01 00:00:00	2014-08-01 00:00:00
576	Truk					2014-08-01 00:00:00	2014-08-01 00:00:00
577	Tsimshian					2014-08-01 00:00:00	2014-08-01 00:00:00
578	Tsonga	ts	tso	tso	xiTsonga	2014-08-01 00:00:00	2014-08-01 00:00:00
579	Tswana	tn	tsn	tsn	seTswana	2014-08-01 00:00:00	2014-08-01 00:00:00
580	Tuamotuan					2014-08-01 00:00:00	2014-08-01 00:00:00
581	Tumbuka					2014-08-01 00:00:00	2014-08-01 00:00:00
582	Tunya					2014-08-01 00:00:00	2014-08-01 00:00:00
583	Tupi					2014-08-01 00:00:00	2014-08-01 00:00:00
584	Turkana					2014-08-01 00:00:00	2014-08-01 00:00:00
585	Turkish	tr	tur	tur	Türkçe	2014-08-01 00:00:00	2014-08-01 00:00:00
586	Turkish, Ottoman					2014-08-01 00:00:00	2014-08-01 00:00:00
587	Turkmen	tk	tuk	tuk	Türkmen	2014-08-01 00:00:00	2014-08-01 00:00:00
588	Tuvaluan					2014-08-01 00:00:00	2014-08-01 00:00:00
589	Tuvinian					2014-08-01 00:00:00	2014-08-01 00:00:00
590	Twi	tw	twi	twi	Twi	2014-08-01 00:00:00	2014-08-01 00:00:00
591	Ugaritic					2014-08-01 00:00:00	2014-08-01 00:00:00
592	Uighur	ug	uig	uig	Uyƣurqə	2014-08-01 00:00:00	2014-08-01 00:00:00
593	Ukrainian	uk	ukr	ukr	українська мова	2014-08-01 00:00:00	2014-08-01 00:00:00
594	Ulithi					2014-08-01 00:00:00	2014-08-01 00:00:00
595	Umbundu					2014-08-01 00:00:00	2014-08-01 00:00:00
596	Undetermined					2014-08-01 00:00:00	2014-08-01 00:00:00
597	Unknown					2014-08-01 00:00:00	2014-08-01 00:00:00
598	unspecified					2014-08-01 00:00:00	2014-08-01 00:00:00
599	Urdu	ur	urd	urd	‫اردو	2014-08-01 00:00:00	2014-08-01 00:00:00
600	Uzbek	uz	uzb	uzb	O'zbek	2014-08-01 00:00:00	2014-08-01 00:00:00
601	Vai					2014-08-01 00:00:00	2014-08-01 00:00:00
602	Venda	ve	ven	ven	tshiVenḓa	2014-08-01 00:00:00	2014-08-01 00:00:00
603	Vietnamese	vi	vie	vie	Tiếng Việt	2014-08-01 00:00:00	2014-08-01 00:00:00
604	Visayan					2014-08-01 00:00:00	2014-08-01 00:00:00
605	Volapük	vo	vol	vol	Volapük	2014-08-01 00:00:00	2014-08-01 00:00:00
606	Votic					2014-08-01 00:00:00	2014-08-01 00:00:00
607	Wakashan languages					2014-08-01 00:00:00	2014-08-01 00:00:00
608	Walamo					2014-08-01 00:00:00	2014-08-01 00:00:00
609	Waray					2014-08-01 00:00:00	2014-08-01 00:00:00
610	Waray-waray					2014-08-01 00:00:00	2014-08-01 00:00:00
611	Washo					2014-08-01 00:00:00	2014-08-01 00:00:00
612	Wayana					2014-08-01 00:00:00	2014-08-01 00:00:00
613	Welsh	cy	wel	cym	Cymraeg	2014-08-01 00:00:00	2014-08-01 00:00:00
614	Wolof	wo	wol	wol	Wollof	2014-08-01 00:00:00	2014-08-01 00:00:00
615	Xhosa	xh	xho	xho	isiXhosa	2014-08-01 00:00:00	2014-08-01 00:00:00
616	Yakut					2014-08-01 00:00:00	2014-08-01 00:00:00
617	Yao					2014-08-01 00:00:00	2014-08-01 00:00:00
618	Yapese					2014-08-01 00:00:00	2014-08-01 00:00:00
619	Yiddish	yi	yid	yid	‫ייִדיש	2014-08-01 00:00:00	2014-08-01 00:00:00
620	Yoruba	yo	yor	yor	Yorùbá	2014-08-01 00:00:00	2014-08-01 00:00:00
621	Yupik languages					2014-08-01 00:00:00	2014-08-01 00:00:00
622	Zande					2014-08-01 00:00:00	2014-08-01 00:00:00
623	Zapotec					2014-08-01 00:00:00	2014-08-01 00:00:00
624	Zenaga					2014-08-01 00:00:00	2014-08-01 00:00:00
625	Zhuang	za	zha	zha	Saɯ cueŋƅ	2014-08-01 00:00:00	2014-08-01 00:00:00
626	Zulu	zu	zul	zul	isiZulu	2014-08-01 00:00:00	2014-08-01 00:00:00
627	Zuni					2014-08-01 00:00:00	2014-08-01 00:00:00
628	Common name					2014-08-01 00:00:00	2014-08-01 00:00:00
629	Iglulik Inuit					2014-08-01 00:00:00	2014-08-01 00:00:00
630	Adioukrou					2014-08-01 00:00:00	2014-08-01 00:00:00
631	Aizi					2014-08-01 00:00:00	2014-08-01 00:00:00
632	Hungaria					2014-08-01 00:00:00	2014-08-01 00:00:00
633	Kera					2014-08-01 00:00:00	2014-08-01 00:00:00
634	Logone					2014-08-01 00:00:00	2014-08-01 00:00:00
635	Mandinka					2014-08-01 00:00:00	2014-08-01 00:00:00
636	Mangareva					2014-08-01 00:00:00	2014-08-01 00:00:00
637	Niellim					2014-08-01 00:00:00	2014-08-01 00:00:00
638	Vili					2014-08-01 00:00:00	2014-08-01 00:00:00
639	Abkhazian	ab	abk	abk	Аҧсуа	2014-08-01 00:00:00	2014-08-01 00:00:00
640	Aragonese	an	arg	arg	Aragonés	2014-08-01 00:00:00	2014-08-01 00:00:00
641	Fulah	ff	ful	ful	Fulfulde	2014-08-01 00:00:00	2014-08-01 00:00:00
642	Western Frisian	fy	fry	fry	Frysk	2014-08-01 00:00:00	2014-08-01 00:00:00
643	Haitian	ht	hat	hat	Kreyòl ayisyen	2014-08-01 00:00:00	2014-08-01 00:00:00
644	Sichuan Yi	ii	iii	iii	ꆇꉙ	2014-08-01 00:00:00	2014-08-01 00:00:00
645	Ido	io	ido	ido	Ido	2014-08-01 00:00:00	2014-08-01 00:00:00
646	Kalaallisut	kl	kal	kal	kalaallisut	2014-08-01 00:00:00	2014-08-01 00:00:00
647	Kirghiz	ky	kir	kir	кыргыз тили	2014-08-01 00:00:00	2014-08-01 00:00:00
648	Luxembourgish	lb	ltz	ltz	Lëtzebuergesch	2014-08-01 00:00:00	2014-08-01 00:00:00
649	Limburgish	li	lim	lim	Limburgs	2014-08-01 00:00:00	2014-08-01 00:00:00
650	Luba-Katanga	lu	lub	lub		2014-08-01 00:00:00	2014-08-01 00:00:00
651	Norwegian Bokmål	nb	nob	nob	Norsk bokmål	2014-08-01 00:00:00	2014-08-01 00:00:00
652	North Ndebele	nd	nde	nde	isiNdebele	2014-08-01 00:00:00	2014-08-01 00:00:00
653	Norwegian Nynorsk	nn	nno	nno	Norsk nynorsk	2014-08-01 00:00:00	2014-08-01 00:00:00
654	South Ndebele	nr	nbl	nbl	Ndébélé	2014-08-01 00:00:00	2014-08-01 00:00:00
655	Chichewa	ny	nya	nya	chiCheŵa	2014-08-01 00:00:00	2014-08-01 00:00:00
656	Occitan	oc	oci	oci	Occitan	2014-08-01 00:00:00	2014-08-01 00:00:00
657	Ossetian	os	oss	oss	Ирон æвзаг	2014-08-01 00:00:00	2014-08-01 00:00:00
658	Raeto-Romance	rm	roh	roh	rumantsch grischun	2014-08-01 00:00:00	2014-08-01 00:00:00
659	Kirundi	rn	run	run	kiRundi	2014-08-01 00:00:00	2014-08-01 00:00:00
660	Serbo-Croatian	sh		hbs	Српскохрватски	2014-08-01 00:00:00	2014-08-01 00:00:00
661	Swati	ss	ssw	ssw	SiSwati	2014-08-01 00:00:00	2014-08-01 00:00:00
662	Walloon	wa	wln	wln	Walon	2014-08-01 00:00:00	2014-08-01 00:00:00
663	Low German				Plattdüütsch	2014-08-01 00:00:00	2014-08-01 00:00:00
664	Konjo					2014-08-01 00:00:00	2014-08-01 00:00:00
665	Wayuu					2014-08-01 00:00:00	2014-08-01 00:00:00
666	Bahasa Indonesia					2014-08-01 00:00:00	2014-08-01 00:00:00
667	Seraiki					2014-08-01 00:00:00	2014-08-01 00:00:00
668	Toba, Batak					2014-08-01 00:00:00	2014-08-01 00:00:00
669	en					2014-08-01 00:00:00	2014-08-01 00:00:00
670	nl					2014-08-01 00:00:00	2014-08-01 00:00:00
671	de					2014-08-01 00:00:00	2014-08-01 00:00:00
672	fr					2014-08-01 00:00:00	2014-08-01 00:00:00
673	br					2014-08-01 00:00:00	2014-08-01 00:00:00
674	pt					2014-08-01 00:00:00	2014-08-01 00:00:00
675	es					2014-08-01 00:00:00	2014-08-01 00:00:00
676	da					2014-08-01 00:00:00	2014-08-01 00:00:00
677	no					2014-08-01 00:00:00	2014-08-01 00:00:00
678	it					2014-08-01 00:00:00	2014-08-01 00:00:00
679	sv					2014-08-01 00:00:00	2014-08-01 00:00:00
680	ja					2014-08-01 00:00:00	2014-08-01 00:00:00
681	ru					2014-08-01 00:00:00	2014-08-01 00:00:00
682	wo					2014-08-01 00:00:00	2014-08-01 00:00:00
683	ha					2014-08-01 00:00:00	2014-08-01 00:00:00
684	gl					2014-08-01 00:00:00	2014-08-01 00:00:00
685	sp					2014-08-01 00:00:00	2014-08-01 00:00:00
695	yp					2014-08-01 00:00:00	2014-08-01 00:00:00
696	ge					2014-08-01 00:00:00	2014-08-01 00:00:00
697	cl					2014-08-01 00:00:00	2014-08-01 00:00:00
698	ya					2014-08-01 00:00:00	2014-08-01 00:00:00
699	ev					2014-08-01 00:00:00	2014-08-01 00:00:00
700	al					2014-08-01 00:00:00	2014-08-01 00:00:00
701	tm					2014-08-01 00:00:00	2014-08-01 00:00:00
702	fl					2014-08-01 00:00:00	2014-08-01 00:00:00
703	ji					2014-08-01 00:00:00	2014-08-01 00:00:00
704	Prussian, Old					2014-08-01 00:00:00	2014-08-01 00:00:00
705	Sicilian					2014-08-01 00:00:00	2014-08-01 00:00:00
706	Andamanese					2014-08-01 00:00:00	2014-08-01 00:00:00
707	Saipanese Carolinian					2014-08-01 00:00:00	2014-08-01 00:00:00
708	Slavic 					2014-08-01 00:00:00	2014-08-01 00:00:00
709	Jawa					2014-08-01 00:00:00	2014-08-01 00:00:00
710	Bali					2014-08-01 00:00:00	2014-08-01 00:00:00
711	Shuar					2014-08-01 00:00:00	2014-08-01 00:00:00
712	Quichua					2014-08-01 00:00:00	2014-08-01 00:00:00
713	Colorado					2014-08-01 00:00:00	2014-08-01 00:00:00
714	Castellano					2014-08-01 00:00:00	2014-08-01 00:00:00
715	Acual Jivaro					2014-08-01 00:00:00	2014-08-01 00:00:00
716	WAO					2014-08-01 00:00:00	2014-08-01 00:00:00
717	nombre Tsachila					2014-08-01 00:00:00	2014-08-01 00:00:00
718	Malgache					2014-08-01 00:00:00	2014-08-01 00:00:00
719	Kimaasai					2014-08-01 00:00:00	2014-08-01 00:00:00
720	Kani					2014-08-01 00:00:00	2014-08-01 00:00:00
721	Huaorani					2014-08-01 00:00:00	2014-08-01 00:00:00
722	Barasana					2014-08-01 00:00:00	2014-08-01 00:00:00
723	Achual Jivaro					2014-08-01 00:00:00	2014-08-01 00:00:00
724	English;English					2014-08-01 00:00:00	2014-08-01 00:00:00
725	nombre Cofán					2014-08-01 00:00:00	2014-08-01 00:00:00
726	Patamona					2014-08-01 00:00:00	2014-08-01 00:00:00
727	Cayapa					2014-08-01 00:00:00	2014-08-01 00:00:00
728	N. Cófan					2014-08-01 00:00:00	2014-08-01 00:00:00
729	Thai name					2014-08-01 00:00:00	2014-08-01 00:00:00
730	Bishari					2014-08-01 00:00:00	2014-08-01 00:00:00
731	Berber					2014-08-01 00:00:00	2014-08-01 00:00:00
732	Tzotzil					2014-08-01 00:00:00	2014-08-01 00:00:00
733	Ib dialect?					2014-08-01 00:00:00	2014-08-01 00:00:00
734	Tzeltal					2014-08-01 00:00:00	2014-08-01 00:00:00
735	Ifugao dialect					2014-08-01 00:00:00	2014-08-01 00:00:00
736	Ifugao					2014-08-01 00:00:00	2014-08-01 00:00:00
737	M					2014-08-01 00:00:00	2014-08-01 00:00:00
738	Tobelorese					2014-08-01 00:00:00	2014-08-01 00:00:00
739	Aleria Piaguaje - inf					2014-08-01 00:00:00	2014-08-01 00:00:00
740	spanish, Tacana					2014-08-01 00:00:00	2014-08-01 00:00:00
741	Guamanian name					2014-08-01 00:00:00	2014-08-01 00:00:00
742	Nigritis					2014-08-01 00:00:00	2014-08-01 00:00:00
743	Makiritari					2014-08-01 00:00:00	2014-08-01 00:00:00
744	(T)					2014-08-01 00:00:00	2014-08-01 00:00:00
745	by					2014-08-01 00:00:00	2014-08-01 00:00:00
746	(M)					2014-08-01 00:00:00	2014-08-01 00:00:00
747	?					2014-08-01 00:00:00	2014-08-01 00:00:00
748	makua					2014-08-01 00:00:00	2014-08-01 00:00:00
749	Mayna Jivaro					2014-08-01 00:00:00	2014-08-01 00:00:00
750	Spansih					2014-08-01 00:00:00	2014-08-01 00:00:00
751	Mestizo Quichua/Spani					2014-08-01 00:00:00	2014-08-01 00:00:00
752	Maya Jivaro					2014-08-01 00:00:00	2014-08-01 00:00:00
753	Enga language					2014-08-01 00:00:00	2014-08-01 00:00:00
754	Huitoto					2014-08-01 00:00:00	2014-08-01 00:00:00
755	Hagen: Wankl					2014-08-01 00:00:00	2014-08-01 00:00:00
756	Shimaorais					2014-08-01 00:00:00	2014-08-01 00:00:00
757	Shibushi					2014-08-01 00:00:00	2014-08-01 00:00:00
758	Barbadian					2014-08-01 00:00:00	2014-08-01 00:00:00
759	Huambisa Jivaro					2014-08-01 00:00:00	2014-08-01 00:00:00
760	Ibo, Yoruba					2014-08-01 00:00:00	2014-08-01 00:00:00
761	W. Nakanai					2014-08-01 00:00:00	2014-08-01 00:00:00
762	Aingivimborona					2014-08-01 00:00:00	2014-08-01 00:00:00
763	Meo					2014-08-01 00:00:00	2014-08-01 00:00:00
764	Lissongo					2014-08-01 00:00:00	2014-08-01 00:00:00
765	Lissono					2014-08-01 00:00:00	2014-08-01 00:00:00
766	Huastec					2014-08-01 00:00:00	2014-08-01 00:00:00
767	Manobo					2014-08-01 00:00:00	2014-08-01 00:00:00
768	Enga					2014-08-01 00:00:00	2014-08-01 00:00:00
769	Nepalese					2014-08-01 00:00:00	2014-08-01 00:00:00
770	Pakistan					2014-08-01 00:00:00	2014-08-01 00:00:00
771	Mexican Spanish					2014-08-01 00:00:00	2014-08-01 00:00:00
772	Kashmir					2014-08-01 00:00:00	2014-08-01 00:00:00
773	Himalayan					2014-08-01 00:00:00	2014-08-01 00:00:00
774	Korea					2014-08-01 00:00:00	2014-08-01 00:00:00
775	lp					2014-08-01 00:00:00	2014-08-01 00:00:00
776	au					2014-08-01 00:00:00	2014-08-01 00:00:00
777	hw					2014-08-01 00:00:00	2014-08-01 00:00:00
778	ek					2014-08-01 00:00:00	2014-08-01 00:00:00
779	in					2014-08-01 00:00:00	2014-08-01 00:00:00
780	bu					2014-08-01 00:00:00	2014-08-01 00:00:00
781	np					2014-08-01 00:00:00	2014-08-01 00:00:00
782	tu					2014-08-01 00:00:00	2014-08-01 00:00:00
783	we					2014-08-01 00:00:00	2014-08-01 00:00:00
784	ir					2014-08-01 00:00:00	2014-08-01 00:00:00
785	fc					2014-08-01 00:00:00	2014-08-01 00:00:00
786	ec					2014-08-01 00:00:00	2014-08-01 00:00:00
787	cz					2014-08-01 00:00:00	2014-08-01 00:00:00
788	gr					2014-08-01 00:00:00	2014-08-01 00:00:00
789	ot					2014-08-01 00:00:00	2014-08-01 00:00:00
790	bl					2014-08-01 00:00:00	2014-08-01 00:00:00
791	cm					2014-08-01 00:00:00	2014-08-01 00:00:00
792	fn					2014-08-01 00:00:00	2014-08-01 00:00:00
793	kh					2014-08-01 00:00:00	2014-08-01 00:00:00
794	pe					2014-08-01 00:00:00	2014-08-01 00:00:00
795	gb					2014-08-01 00:00:00	2014-08-01 00:00:00
796	pk					2014-08-01 00:00:00	2014-08-01 00:00:00
797	Tupinambá					2014-08-01 00:00:00	2014-08-01 00:00:00
798	Quechua II-B					2014-08-01 00:00:00	2014-08-01 00:00:00
799	ft					2014-08-01 00:00:00	2014-08-01 00:00:00
800	pu					2014-08-01 00:00:00	2014-08-01 00:00:00
801	kp					2014-08-01 00:00:00	2014-08-01 00:00:00
802	gi					2014-08-01 00:00:00	2014-08-01 00:00:00
803	mv					2014-08-01 00:00:00	2014-08-01 00:00:00
804	tv					2014-08-01 00:00:00	2014-08-01 00:00:00
805	pp					2014-08-01 00:00:00	2014-08-01 00:00:00
806	Karo					2014-08-01 00:00:00	2014-08-01 00:00:00
807	Malawi					2014-08-01 00:00:00	2014-08-01 00:00:00
808	Malaita					2014-08-01 00:00:00	2014-08-01 00:00:00
809	Bintulu					2014-08-01 00:00:00	2014-08-01 00:00:00
810	Papuan					2014-08-01 00:00:00	2014-08-01 00:00:00
811	Kirangi					2014-08-01 00:00:00	2014-08-01 00:00:00
812	NC French					2014-08-01 00:00:00	2014-08-01 00:00:00
813	Kumaon					2014-08-01 00:00:00	2014-08-01 00:00:00
814	Himachal					2014-08-01 00:00:00	2014-08-01 00:00:00
815	Potuguese					2014-08-01 00:00:00	2014-08-01 00:00:00
816	Arabian					2014-08-01 00:00:00	2014-08-01 00:00:00
817	Tuareg					2014-08-01 00:00:00	2014-08-01 00:00:00
818	Kenyah					2014-08-01 00:00:00	2014-08-01 00:00:00
819	Murut					2014-08-01 00:00:00	2014-08-01 00:00:00
820	Maluku					2014-08-01 00:00:00	2014-08-01 00:00:00
821	il					2014-08-01 00:00:00	2014-08-01 00:00:00
822	jp					2014-08-01 00:00:00	2014-08-01 00:00:00
823	ma					2014-08-01 00:00:00	2014-08-01 00:00:00
824	er					2014-08-01 00:00:00	2014-08-01 00:00:00
825	iq					2014-08-01 00:00:00	2014-08-01 00:00:00
